'num';'IDsurface';'IDcrs';'x1';'y1';'x2';'y2';'x3';'y3';'x4';'y4';'SupPlusProche';'DistPlusProche';'ToutSupProche'
'1309';'CRS3035RES200mN2055600E4260000';'LAEA200M_N10278E21300';'9.27116';'41.5997';'9.27355';'41.5997';'9.27353';'41.6015';'9.27114';'41.6015';'1677017';'52.39';'1677017-2170308'
'1311';'CRS3035RES200mN2055600E4260400';'LAEA200M_N10278E21302';'9.27594';'41.5997';'9.27833';'41.5998';'9.27831';'41.6016';'9.27592';'41.6015';'2170308';'43.51';'2170308'
'1312';'CRS3035RES200mN2055600E4260600';'LAEA200M_N10278E21303';'9.27833';'41.5998';'9.28072';'41.5998';'9.28070';'41.6016';'9.27831';'41.6016';'2170308';'235.65';'2170308'
'1313';'CRS3035RES200mN2055600E4260800';'LAEA200M_N10278E21304';'9.28072';'41.5998';'9.28311';'41.5998';'9.28309';'41.6016';'9.28070';'41.6016';'2170308';'433.22';'2170308-510317-2164058-1748411-774685'
'1319';'CRS3035RES200mN2055800E4257600';'LAEA200M_N10279E21288';'9.24246';'41.6013';'9.24485';'41.6013';'9.24483';'41.6031';'9.24244';'41.6031';'445750';'2350.15';'1677017-445750'
'1321';'CRS3035RES200mN2055800E4259400';'LAEA200M_N10279E21297';'9.26397';'41.6015';'9.26636';'41.6015';'9.26634';'41.6033';'9.26395';'41.6033';'1677017';'564.25';'1677017'
'1324';'CRS3035RES200mN2055800E4260000';'LAEA200M_N10279E21300';'9.27114';'41.6015';'9.27353';'41.6015';'9.27351';'41.6033';'9.27112';'41.6033';'1677017';'71.83';'1677017-2170308'
'1326';'CRS3035RES200mN2055800E4260400';'LAEA200M_N10279E21302';'9.27592';'41.6015';'9.27831';'41.6016';'9.27829';'41.6034';'9.27590';'41.6034';'2170308';'133.04';'1677017-2170308'
'1327';'CRS3035RES200mN2055800E4260600';'LAEA200M_N10279E21303';'9.27831';'41.6016';'9.28070';'41.6016';'9.28068';'41.6034';'9.27829';'41.6034';'2170308';'268.73';'1748411-2170308-510317'
'1339';'CRS3035RES200mN2056000E4259400';'LAEA200M_N10280E21297';'9.26395';'41.6033';'9.26634';'41.6033';'9.26632';'41.6051';'9.26393';'41.6051';'1677017';'620.74';'1677017'
'1342';'CRS3035RES200mN2056000E4260200';'LAEA200M_N10280E21301';'9.27351';'41.6033';'9.27590';'41.6034';'9.27588';'41.6052';'9.27349';'41.6051';'1677017';'296.99';'1677017-2170308'
