'num';'IDsurface';'IDcrs';'x1';'y1';'x2';'y2';'x3';'y3';'x4';'y4';'SupPlusProche';'DistPlusProche';'ToutSupProche'
'1261';'CRS3035RES200mN2055000E4260400';'LAEA200M_N10275E21302';'9.27600';'41.5943';'9.27839';'41.5943';'9.27837';'41.5961';'9.27598';'41.5961';'774685';'67.06';'774685'
'1262';'CRS3035RES200mN2055000E4260600';'LAEA200M_N10275E21303';'9.27839';'41.5943';'9.28078';'41.5944';'9.28076';'41.5962';'9.27837';'41.5961';'774685';'226.1';'774674-2164058-2170308-774685'
'1264';'CRS3035RES200mN2055000E4261000';'LAEA200M_N10275E21305';'9.28317';'41.5944';'9.28556';'41.5944';'9.28554';'41.5962';'9.28315';'41.5962';'2164058';'354.61';'2164058'
'1268';'CRS3035RES200mN2055200E4253400';'LAEA200M_N10276E21267';'9.19235';'41.5955';'9.19474';'41.5955';'9.19472';'41.5973';'9.19233';'41.5973';'666487';'3804.75';'1828622-666487'
'1274';'CRS3035RES200mN2055200E4259000';'LAEA200M_N10276E21295';'9.25926';'41.5960';'9.26165';'41.5960';'9.26162';'41.5978';'9.25923';'41.5978';'445750';'947.15';'1677017-445750'
'1275';'CRS3035RES200mN2055200E4259200';'LAEA200M_N10276E21296';'9.26165';'41.5960';'9.26404';'41.5960';'9.26401';'41.5978';'9.26162';'41.5978';'445750';'861.09';'1677017-445750'
'1276';'CRS3035RES200mN2055200E4259600';'LAEA200M_N10276E21298';'9.26642';'41.5961';'9.26881';'41.5961';'9.26879';'41.5979';'9.26640';'41.5979';'1677017';'565.69';'1677017-2170308-774685-445750'
'1277';'CRS3035RES200mN2055200E4259800';'LAEA200M_N10276E21299';'9.26881';'41.5961';'9.27120';'41.5961';'9.27118';'41.5979';'9.26879';'41.5979';'1677017';'466.09';'2170308-774674-445750-1677017-774685'
'1279';'CRS3035RES200mN2055200E4260200';'LAEA200M_N10276E21301';'9.27359';'41.5961';'9.27598';'41.5961';'9.27596';'41.5979';'9.27357';'41.5979';'774685';'278.12';'1677017-2170308-774685'
'1280';'CRS3035RES200mN2055200E4260400';'LAEA200M_N10276E21302';'9.27598';'41.5961';'9.27837';'41.5961';'9.27835';'41.5979';'9.27596';'41.5979';'774685';'265.53';'1677017-2170308-774685'
'1285';'CRS3035RES200mN2055400E4253400';'LAEA200M_N10277E21267';'9.19233';'41.5973';'9.19472';'41.5973';'9.19470';'41.5991';'9.19231';'41.5991';'666487';'3949.82';'1828622-666487'
